Original Order,Name,Title,Company,Youtube URL
0,Donna Johnson,Chief Marketing Officer,Inseego,https://www.youtube.com/watch?v=mwlCTdYh0uM
1,Julia Chen,Vice President,AWS Partner Core — AWS,https://www.youtube.com/watch?v=VkMVaML9yBc
2,Jonathan Sanchez,Sr. Marketing Manager,Tools & Systems — eBay,https://www.youtube.com/watch?v=kfPmU35LsYQ
3,Andreas Urschitz,CMO,Infineon,https://www.youtube.com/watch?v=QUgwtmPtN8A
4,Robert Occhialini,Chief Technology Officer,World Surf League,https://www.youtube.com/watch?v=VkMVaML9yBc
5,Akanksha Mehrotra,Corporate VP,AI & Enterprise Marketing — AMD,https://www.youtube.com/watch?v=Qcr0kreCqcI
6,Gabriel Romero,Chief Marketing Officer,AllCloud,https://www.youtube.com/watch?v=VkMVaML9yBc
7,Nishita Henry,Principal & Global CCO,Amazon Practice — Deloitte,https://www.youtube.com/watch?v=3wKAUO6LTOE
8,Julie Neumann,Chief Marketing Officer,Honeycomb.io,https://www.youtube.com/watch?v=mIMHw1U2BPg
9,Yesenia Meneses,Country Manager,Mexico — Escala 24x7,https://www.youtube.com/watch?v=vIcAdFeRykI
10,Scott Baker,CMO,VP IBM Storage — IBM,https://www.youtube.com/watch?v=Q0M71wpg9_U
11,Julia White,Chief Marketing Officer,AWS,https://www.youtube.com/watch?v=cf5zcktAe4c
12,Craig Le Clair,VP,Principal Analyst — Forrester Research,https://www.youtube.com/watch?v=dUPuYKVOeWM
13,Dimitri Vlachos,Chief Marketing Officer,Spacelift,https://www.youtube.com/watch?v=frTd_wndh_U
14,Bob Parker,SVP Industry,Software & Services Research — IDC,https://www.youtube.com/watch?v=v_Pez3nFY08
15,Bhaskar Krishnamsetty,Chief Product Officer,Fabrix.ai,https://www.youtube.com/watch?v=3U67KyFvB5M
16,Ted Marena,Director,Market Development GPU AI Data Center OEM/ODMs — AMD,https://www.youtube.com/watch?v=Yl7jJdT2XY0
17,Rached Blili,Distinguished Engineer,Fabrix.ai,https://www.youtube.com/watch?v=3U67KyFvB5M
18,Scott Baker,CMO & VP,IBM Infrastructure Portfolio Product Marketing — IBM,https://www.youtube.com/watch?v=l4obGIVgnV4
19,Shailesh Manjrekar,Chief Marketing & AI Officer,Fabrix.ai,https://www.youtube.com/watch?v=3U67KyFvB5M
20,Vedat Akgun,VP,Data Science and AI — Teradata,https://www.youtube.com/watch?v=xpQPPGeMJLM
21,Kevin Cochrane,Chief Marketing Officer,Vultr,https://www.youtube.com/watch?v=jVSpDBxDSmk
22,Jan Murry,Director of Internal Audit,GE Aerospace,https://www.youtube.com/watch?v=9N7AqZLq5ic
23,Tim Minihan,EVP of Strategy,Chief Marketing Officer — Citrix,https://www.youtube.com/watch?v=XhQElqVp6hA
24,April Crichlow,Chief Marketing Officer,AuditBoard,https://www.youtube.com/watch?v=9N7AqZLq5ic
25,Maria Winanas,CMO,North America — IBM,https://www.youtube.com/watch?v=qhAY5tNikuI
26,Michael Atalla,Chief Marketing Officer,UiPath,https://www.youtube.com/watch?v=OlIk0dv-kRk
27,Joe Damassa,VP Strategy,Offerings - Hybrid Cloud Services — IBM,https://www.youtube.com/watch?v=R45wobxqmGs
28,Monica Kumar,SVP,Product & Solutions Marketing — Nutanix,https://www.youtube.com/watch?v=fNZgmWb6008
29,Michael Nicosia,Co-Founder & COO,Salt Security,https://www.youtube.com/watch?v=g3LhSzFiz1c
30,Michael Callahan,Chief Marketing Officer,Salt Security,https://www.youtube.com/watch?v=g3LhSzFiz1c
31,John Magee,CMO,Predix — General Electric,https://www.youtube.com/watch?v=i47gqRqQVvA
32,Vik Kathuria,Global Agency Partnerships,OMB — Oracle,https://www.youtube.com/watch?v=ZkjIeeMdvCk
33,Jennifer “JJ” Johnson,Chief Marketing Officer,CrowdStrike,https://www.youtube.com/watch?v=CY2-eDU4KGo
34,Amy Luca,Chief Marketing Officer,Tensor,https://www.youtube.com/watch?v=O_QD9k9UD78
35,Jyothi Swaroop,Chief Marketing Officer,DDN,https://www.youtube.com/watch?v=cUBrsLhaJ28
36,Mick Hollison,Founder & CEO,Redline Advisors,https://www.youtube.com/watch?v=uHlrQWbdP7A
37,Bernd Greifeneder,Chief Technology Officer & Founder,Dynatrace,https://www.youtube.com/watch?v=6bBI-WZYvTo
38,Laura Heisman,Chief Marketing Officer,Dynatrace,https://www.youtube.com/watch?v=6bBI-WZYvTo
39,Ariel Wengroff,Chief Marketing Officer,Ledger,https://www.youtube.com/watch?v=kJoFVfIjcbw
40,Alison Wagonfeld,Chief Marketing Officer,Google Cloud,https://www.youtube.com/watch?v=wpqfZCx5Dcg
41,Betty Junod,Chief Marketing Officer,Heroku (Salesforce),https://www.youtube.com/watch?v=zn9v0SeTAS8
42,Vinny Choinski,Founder & Principal Analyst,Triptych Info,https://www.youtube.com/watch?v=iCQQVfUQKwk
43,Mitch Seigle,Chief Marketing Officer,Spectra Logic,https://www.youtube.com/watch?v=iCQQVfUQKwk
44,Eric Herzog,Chief Marketing Officer,Infinidat,https://www.youtube.com/watch?v=yOyt1xUZuSI
45,Danielle Goode Coady,VP of Marketing,Index Engines,https://www.youtube.com/watch?v=yOyt1xUZuSI
46,Christophe Bertrand,Principal Analyst,theCUBE Research,https://www.youtube.com/watch?v=gnGkHUaNqL8
47,Jim McGann,Chief Marketing Officer,Index Engines,https://www.youtube.com/watch?v=pVI99Hl1-9k
48,Brian Householder,Senior Advisor,Index Engines,https://www.youtube.com/watch?v=pVI99Hl1-9k
49,Tim Freestone,Chief Marketing Officer,Kiteworks,https://www.youtube.com/watch?v=9HQ3F7uU_Wc
50,Adam Berlew,Chief Marketing Officer,Equinix,https://www.youtube.com/watch?v=ddoYgwVqZzs
51,Josh Harbert,SVP & CMO,Couchbase,https://www.youtube.com/watch?v=RxK4bplhGYw
52,Matt McDonough,SVP of Product,Couchbase,https://www.youtube.com/watch?v=RxK4bplhGYw
53,Steven Van Zanen,Chief Marketing Officer,BroadForward,https://www.youtube.com/watch?v=_lN5T2TEiWY
54,Shlomo Kramer,Co-Founder & CEO,Cato Networks,https://www.youtube.com/watch?v=3_Y-QFr_U7k
55,Sarbjeet Johal,Founder & CEO,Stackpane,https://www.youtube.com/watch?v=zF9IycsTdsA
56,Chandra Rangan,Chief Marketing Officer,Neo4j,https://www.youtube.com/watch?v=mqyji7RuLt8
57,Sanjay Kumar,VP of Products & Marketing,Arrcus,https://www.youtube.com/watch?v=8ZhmX5YFDOg
58,Rachel Thornton,Chief Marketing Officer,Adobe Enterprise,https://www.youtube.com/watch?v=W2hOMY8gmaE
59,Isabelle Dumont,Chief Marketing Officer,DeNexus,https://www.youtube.com/watch?v=TCtoBjLG_hI
60,Surbhi Agarwal,Chief Marketing Officer,Applied Intuition,https://www.youtube.com/watch?v=9IW10uhF0r4
61,JB Baker,Chief Marketing Officer,ScaleFlux,https://www.youtube.com/watch?v=tnqL1xnYkQY
62,Mandy Dhaliwal,Chief Marketing Officer,Nutanix,https://www.youtube.com/watch?v=kaHLEWumVeI
63,Julie Choi,Chief Marketing Officer,Cerebras,https://www.youtube.com/watch?v=mx3BnpjFAjQ
64,Dinakar Munagala,(Title not stated),(Company not stated),https://www.youtube.com/watch?v=bQbV1drI4Sw
65,Janine Gianfredi,Chief Marketing Officer,Transcarent,https://www.youtube.com/watch?v=ETrXwx0hehs
66,Carolyn Crandall,Chief Marketing Officer,AirMDR,https://www.youtube.com/watch?v=6N47AJ4X_po
67,Martina Trucco,Chief Marketing Officer,At-Bay,https://www.youtube.com/watch?v=r8Rn_oNTUAs
68,Abhay Parasnis,Founder & CEO,Typeface,https://www.youtube.com/watch?v=U1jdmFW7-f4
69,Kazuki Ohta,(Title not stated),(Company not stated),https://www.youtube.com/watch?v=gvCBRdn2wWY
70,Arm Badani,(Title not stated),Arm,https://www.youtube.com/watch?v=NSLyy4zlD5w
71,Shelli Strand,(Title not stated),Early Growth Advisory,https://www.youtube.com/watch?v=nhH6QDu1Kvs
72,Rajan Sheth,Chief Marketing Officer,Together AI,https://www.youtube.com/watch?v=hQD76r0dnBE
73,Mark Heaps,VP of Brand & Chief Tech Evangelist,Groq,https://www.youtube.com/watch?v=6JFo7kjKhxc
74,Lisa Varela-Schutes,Public Sector Practice Leader & Sales Manager,Ingram Micro Cloud,https://www.youtube.com/watch?v=3wKAUO6LTOE
75,Brooke Cunningham,Chief Marketing Officer,LogicMonitor,https://www.youtube.com/watch?v=vIcAdFeRykI
76,Jen Jones,Chief Marketing Officer,commercetools,https://www.youtube.com/watch?v=Vv5sPtcP9Dw
77,Vidhya Srinivasan,Chief Marketing Officer,Prophix,https://www.youtube.com/watch?v=oRw33hnEh4I
78,Gabie Boko,Chief Marketing Officer,NetApp,https://www.youtube.com/watch?v=kIDWket1tpQ
79,Costa Kladianos,Head of Technology,San Francisco 49ers,https://www.youtube.com/watch?v=kIDWket1tpQ
80,Alison Biggan,Chief Marketing Officer,Boomi,https://www.youtube.com/watch?v=lMuKMGo_dDw
81,Jenn Chase,CMO & EVP,SAS Institute,https://www.youtube.com/watch?v=5VFpCQnAGg8
82,Peter Linder,Head of Thought Leadership – North America,Ericsson,https://www.youtube.com/watch?v=5VFpCQnAGg8
83,Jacqueline Woods,Chief Marketing Officer,Teradata,https://www.youtube.com/watch?v=GetD8AvBwoQ
84,Leon Mishkis,COO,NewtonX,https://www.youtube.com/watch?v=GetD8AvBwoQ
85,Paola Menegon,Head of Strategic Opportunities/Alliances,Aruba,https://www.youtube.com/watch?v=LIZMEVMLM0w
86,Andy Hurt,Chief Marketing Officer,Cobalt Iron,https://www.youtube.com/watch?v=5dZjNUGXWJ0
87,Jennifer Johnson (JJ),Chief Marketing Officer,CrowdStrike,https://www.youtube.com/watch?v=smKbeTv-zoQ
88,Jon Toor,Chief Marketing Officer,Cloudian,https://www.youtube.com/watch?v=V5WnpOpa3ms
89,Bobby Patrick,Chief Marketing Officer,UiPath,https://www.youtube.com/watch?v=dUPuYKVOeWM
90,Thomas Cornely,SVP Product Management,Nutanix,https://www.youtube.com/watch?v=v_Pez3nFY08
91,Tarkan Maner,Chief Commercial Officer,Nutanix,https://www.youtube.com/watch?v=goRuYv7mcC0
92,Justin Boitano,VP Enterprise AI,Nvidia,https://www.youtube.com/watch?v=goRuYv7mcC0
93,Denise Persson,Chief Marketing Officer,Snowflake,https://www.youtube.com/watch?v=T5tC_x6VkkM
94,Mike Gannon,Chief Revenue Officer,Snowflake,https://www.youtube.com/watch?v=T5tC_x6VkkM
95,Chris Powell,Chief Marketing Officer,Qlik,https://www.youtube.com/watch?v=tWk07LzBMOI
96,Margaret Dawson,Chief Marketing Officer,Chronosphere,https://www.youtube.com/watch?v=HM9rlmkH47w
97,Bill Hineline,Field Chief Technology Officer,Chronosphere,https://www.youtube.com/watch?v=HM9rlmkH47w
98,Jean English,Chief Marketing Officer,Juniper Networks,https://www.youtube.com/watch?v=1AedCr4dTdA
99,Bryan Ward,Lead Network Engineer,Dartmouth College,https://www.youtube.com/watch?v=1AedCr4dTdA
100,Brett Hannath,Corporate Vice President & CMO,Intel,https://www.youtube.com/watch?v=sAPATcXqel0
101,Jim Jackson,Chief Marketing Officer,HPE,https://www.youtube.com/watch?v=Yr9hzrbnw1s
102,Jason Netwon,VP Global Marketing,HPE,https://www.youtube.com/watch?v=Yr9hzrbnw1s
103,Jeff Veis,CMO,Impetus Technologies,https://www.youtube.com/watch?v=-ZEkQAUaCgE
104,Anand Raman,CRO,Impetus Technologies,https://www.youtube.com/watch?v=-ZEkQAUaCgE
105,Ravi Kandikonda,Senior VP of Marketing,Zillow,https://www.youtube.com/watch?v=NHH2dtMVYjE
106,Denise Persson,CMO,Snowflake,https://www.youtube.com/watch?v=NHH2dtMVYjE
107,Jim Kruger,Chief Marketing Officer,Informatica,https://www.youtube.com/watch?v=cU2OgJtMGrs
108,Eric Herzog,CMO,Infinidat,https://www.youtube.com/watch?v=XQmWsP4pF5w
109,Gabie Boko,Chief Marketing Officer,NetApp,https://www.youtube.com/watch?v=T-8BHhOFW5M
110,Abby Strong,CMO,Cribl,https://www.youtube.com/watch?v=1ei82jxf1kw
111,Alison Biggan,CMO,Boomi,https://www.youtube.com/watch?v=78lxbm6VhYQ
112,Peder Ulander,CMO,MongoDB,https://www.youtube.com/watch?v=g8tEN9zNw-A
113,Mona Chadha,Director of Category Management,AWS,https://www.youtube.com/watch?v=g8tEN9zNw-A
114,Ivo Koerner,CRO,IBM Storage,https://www.youtube.com/watch?v=l4obGIVgnV4
115,Jen Jones,CMO,commercetools,https://www.youtube.com/watch?v=uJHQg-2-S_s
116,Jenn Chase,Chief Marketing Officer,SAS Institute,https://www.youtube.com/watch?v=CWvfoqhE_AE
117,Eric Hanson,CMO,Mitel,https://www.youtube.com/watch?v=gyqBD2Sa_H4
118,Luiz Domingos,CTO,Mitel,https://www.youtube.com/watch?v=gyqBD2Sa_H4
119,Chandra Rangan,CMO,Neo4j,https://www.youtube.com/watch?v=fb-C_ZOANCs
120,Kevin Cochrane,CMO,Vultr,https://www.youtube.com/watch?v=w8vh-uiqqhU
121,Jacqueline Woods,Chief Marketing Officer,Teradata,https://www.youtube.com/watch?v=xpQPPGeMJLM
122,Jennifer Johnson,Chief Marketing Officer,CrowdStrike,https://www.youtube.com/watch?v=SEiZ4c_3Wwc
123,Ian Massingham,CMO,Aiven,https://www.youtube.com/watch?v=qXNwmrolfeA
124,"Duleepa ""Dups"" Wijayawardhana",CTO,Supermetrics,https://www.youtube.com/watch?v=qXNwmrolfeA
125,David Nicholson,Field CTO,Infinidat,https://www.youtube.com/watch?v=TZ4IVk8v-oU
126,Pete Brey,Global Product Executive,IBM,https://www.youtube.com/watch?v=UzvUxAqSXVo
127,Brandon Mann,Product Management Leader for Storage Fusion,IBM,https://www.youtube.com/watch?v=UzvUxAqSXVo
128,Laura Heisman,Chief Marketing Officer,VMware,https://www.youtube.com/watch?v=O6EDUm5h1XQ
129,Geoff Stedman,Chief Marketing Officer,SDVI Corporation,https://www.youtube.com/watch?v=Ml2KS1JtbuY
130,Meagen Eisenberg,CMO,Lacework,https://www.youtube.com/watch?v=7W8HKsRQ5zo
131,Rachel Thorton,Chief Marketing Officer,MessageBird,https://www.youtube.com/watch?v=5iuoFJsA-7M
132,Andrea Euenheim,Chief People Officer,MessageBird,https://www.youtube.com/watch?v=5iuoFJsA-7M
133,Asha Thurthi,Chief Product Officer,MessageBird,https://www.youtube.com/watch?v=5iuoFJsA-7M
134,Zeynep Ozdemir,CMO,Palo Alto Networks,https://www.youtube.com/watch?v=RC-yBQH7tOA
135,Thomas Been,Chief Marketing Officer,DataStax,https://www.youtube.com/watch?v=nqG0Xfs8uA8
136,John Kreisa,CMO,Couchbase,https://www.youtube.com/watch?v=yJpCravqCJk
137,Tommy McClung,Co-Founder & CEO,Releasehub,https://www.youtube.com/watch?v=CQEM0li5rmQ
138,Matt Carter,CMO,Releasehub,https://www.youtube.com/watch?v=CQEM0li5rmQ
139,Ashley Kramer,Chief Marketing Officer & Chief Product Officer,Sisense,https://www.youtube.com/watch?v=I0ooZnypHVQ
140,Ed Macosky,Head of Product,Boomi,https://www.youtube.com/watch?v=3-J9Jo7uZbI
141,Mandy Dhaliwal,CMO,Boomi,https://www.youtube.com/watch?v=3-J9Jo7uZbI
142,Brian Mullen,Chief Marketing Officer,InfluxData,https://www.youtube.com/watch?v=3EtoGjpoFjc
143,Arwa Kaddoura,Chief Revenue Officer,InfluxData,https://www.youtube.com/watch?v=3EtoGjpoFjc
144,Chris Port,COO,Boomi,https://www.youtube.com/watch?v=Nilshpvyvy4
145,Isabelle Guis,CMO,Commvault,https://www.youtube.com/watch?v=KYC_JGx5wkM
146,Reza Morakabati,CIO,Commvault,https://www.youtube.com/watch?v=KYC_JGx5wkM
147,John Gallagher,Senior Manager of Global Enterprise Infrastructure,syncreon,https://www.youtube.com/watch?v=KYC_JGx5wkM
148,Carol Carpenter,Senior Vice President and Chief Marketing Officer,VMware,https://www.youtube.com/watch?v=5KcRXgaimYU
149,Bill Largent,CEO,Veeam,https://www.youtube.com/watch?v=OdrhPIBgZoE
150,Jim Kruger,CMO,Veeam,https://www.youtube.com/watch?v=OdrhPIBgZoE
151,Ajay Khanna,Chief Marketing Officer,Explorium,https://www.youtube.com/watch?v=PSzKHPpc16w
152,Manoj Nair,General Manager Metallic,Commvault,https://www.youtube.com/watch?v=jRJ7KfhsvI4
153,Tim Carben,Principle Systems Engineer,Mitchell International,https://www.youtube.com/watch?v=jRJ7KfhsvI4
154,Maria Winans,CMO,Kyndryl,https://www.youtube.com/watch?v=1UbxgYV4uB0
155,John Maddison,CMO and EVP of Product,Fortinet,https://www.youtube.com/watch?v=b9nGNKqU2TM
156,Beth Davidson,CMO,Agero,https://www.youtube.com/watch?v=Qtb-UFbSbms
157,Raj Behara,VP and CTO,Agero,https://www.youtube.com/watch?v=Qtb-UFbSbms
158,Norman Guadagno,Chief Marketing Officer,Acoustic,https://www.youtube.com/watch?v=_1qsRRiJYjA
159,Eric Herzog,Chief Marketing Officer & VP of Global Storage Channels,IBM,https://www.youtube.com/watch?v=IVAgRxRyCW8
160,Carol Carpenter,Chief Marketing Officer,VMware,https://www.youtube.com/watch?v=XRqdmnTV5o8
161,Brian Reagan,CMO,Actifio,https://www.youtube.com/watch?v=SrEsTKDmgp0
162,John Maddison,CMO and EVP Products,Fortinet,https://www.youtube.com/watch?v=NeRWcb22zzE
163,Marissa Freeman,Chief Brand Officer,HPE,https://www.youtube.com/watch?v=AlZt-HBtSeg
164,Jim Jackson,CMO,HPE,https://www.youtube.com/watch?v=AlZt-HBtSeg
165,Danny Allan,CTO,Veeam,https://www.youtube.com/watch?v=oqtF2KgkUMw
166,Michelle Peluso,SVP Digital Sales & Chief Marketing Officer,IBM,https://www.youtube.com/watch?v=PtpNCBu-hN4
167,Peter Guagenti,Chief Marketing Officer,Cockroach Labs,https://www.youtube.com/watch?v=M_SkO9mYV2U
168,Bobby Patrick,CMO,UiPath,https://www.youtube.com/watch?v=9zS7q_z5K-Q
169,Brandon Nott,Senior Vice President of Product,UiPath,https://www.youtube.com/watch?v=SJFpjG_J6W0
170,Paul Forte,Chief Revenue Officer,Actifio,https://www.youtube.com/watch?v=4j2KKxBBLv4
171,Mani Dasgupta,VP Marketing,IBM,https://www.youtube.com/watch?v=tQ9X6XYMOHU
172,Vittorio Viarengo,Interim CMO,McAfee,https://www.youtube.com/watch?v=thqcKGlovLM
173,Riadh Dridi,CMO,Automation Anywhere,https://www.youtube.com/watch?v=mwsWP9lxKrE
174,Karin Toubba,CEO,Kenna Security,https://www.youtube.com/watch?v=8NBAkJMA0sM
175,Caroline Japic,CMO,Kenna Security,https://www.youtube.com/watch?v=8NBAkJMA0sM
176,Eric Herzog,CMO & VP Global Channels,IBM Storage,https://www.youtube.com/watch?v=o-nsUQOrHTY
177,Eric Herzog,Chief Marketing Officer & VP of Global Storage Channels,IBM,https://www.youtube.com/watch?v=FRNxTBFsyfQ
178,Eric Herzog,CMO & VP of Global Storage Channels,IBM,https://www.youtube.com/watch?v=KZVJScVb3C4
179,Eric Herzog,CMO & VP Global Channels,IBM Storage,https://www.youtube.com/watch?v=FF2hNFY5PWA
180,Rick Vanover,Senior Director Product Strategy,Veeam,https://www.youtube.com/watch?v=ybSXkqKA0RQ
181,Jim Kruger,Chief Marketing Officer,Veeam,https://www.youtube.com/watch?v=ybSXkqKA0RQ
182,Lynn Lucas,CMO,Cohesity,https://www.youtube.com/watch?v=jjK51ry0CZY
183,Chandar Pattabhiram,CMO,Coupa,https://www.youtube.com/watch?v=yM2cpUc1vgY
184,Annie Weckesser,CMO,Uniphore,https://www.youtube.com/watch?v=RiobNN-i2dU
185,Rip Gerber,Chief Marketing and Innovation Officer,Vlocity,https://www.youtube.com/watch?v=orXRpTBggLQ
186,Carrie Palin,CMO,Splunk,https://www.youtube.com/watch?v=byYQYnypDsc
187,Scott Hebner,Vice President & CMO,IBM Data & AI,https://www.youtube.com/watch?v=AQw62zAq7Lw
188,Bobby Patrick,CMO,UiPath,https://www.youtube.com/watch?v=JHrhg9XcuRI
189,Chris Powell,CMO,Commvault,https://www.youtube.com/watch?v=h1GPsSVcCMs
190,Gaidar Magdanurov,CMO & Chief Cyber Strategy Officer,Acronis,https://www.youtube.com/watch?v=8dzxiJ8sSKM
191,Mandy Dhaliwal,CMO,Boomi,https://www.youtube.com/watch?v=Q0_2N5hcBKo
192,Samantha Choi Cadley,CEO,Manual Labor Studio,https://www.youtube.com/watch?v=Q0_2N5hcBKo
193,Anna Griffin,CMO,Smartsheet,https://www.youtube.com/watch?v=LaZU2X5R6_E
194,Will Corkery,SVP of Sales,Boomi,https://www.youtube.com/watch?v=dlbaoqFgZOo
195,Calline Sanchez,Vice President,IBM Worldwide Systems Lab Services,https://www.youtube.com/watch?v=DEHUqmEwFeg
196,Graham Breeze,Field CTO,Tintri by DDN,https://www.youtube.com/watch?v=jejNkMxPYJ0
197,Mario Blandini,CMO & Chief Evangelist,Tintri by DDN,https://www.youtube.com/watch?v=jejNkMxPYJ0
198,Todd Forsythe,CMO,Veritas,https://www.youtube.com/watch?v=cs-eHzSaCYU
199,Marc Creviere,Principal Systems Engineer,US Signal,https://www.youtube.com/watch?v=dx4hSN5yyJw
200,Doc D’Errico,CMO,Infinidat,https://www.youtube.com/watch?v=dx4hSN5yyJw
201,Robin Matlock,CMO,VMware,https://www.youtube.com/watch?v=ARukuXEJk5c
202,Carl Eschenbach,Partner,Sequoia Capital,https://www.youtube.com/watch?v=mYMlwy8ZKuQ
203,Gary Conway,CMO,Automation Anywhere,https://www.youtube.com/watch?v=L2Gw7W-Tov8
204,Gregory Ness,CMO,Tempered Networks,https://www.youtube.com/watch?v=0Joxcd6lhic
205,Ryan Kam,CMO,Five9,https://www.youtube.com/watch?v=Z8UOD28pZM4
206,Marie Hattar,CMO,Keysight,https://www.youtube.com/watch?v=h3y6qxOC7sE
207,Meagen Eisenberg,CMO,TripActions,https://www.youtube.com/watch?v=xjz-NWnIeJc
208,Murali Nemani,CMO,ScienceLogic,https://www.youtube.com/watch?v=R45wobxqmGs
209,Sally Jenkins,EVP & CMO,Informatica,https://www.youtube.com/watch?v=9jwu0Q878G0
210,Tim Minihan,CMO & EVP Strategy,Citrix,https://www.youtube.com/watch?v=0HZkD_sWNP4
211,Alicia Tillman,CMO,SAP,https://www.youtube.com/watch?v=B3ZB0ymbXMk
212,Ben Gibson,Chief Marketing Officer,Nutanix,https://www.youtube.com/watch?v=fNZgmWb6008
213,Allison Dew,CMO,Dell Technologies,https://www.youtube.com/watch?v=bAEmtntOaRs
214,Sara Varni,CMO,Twilio,https://www.youtube.com/watch?v=ddP43vhGcxA
215,Micheline Nijmeh,CMO,Zscaler,https://www.youtube.com/watch?v=9-15w8tfCqk
216,Alison Wagonfeld,CMO,Google Cloud,https://www.youtube.com/watch?v=oNQm0gD5D7o
217,Partha Seetala,Co-founder and CTO,Robin.io,https://www.youtube.com/watch?v=s7VaHEspI7E
218,Radhesh Menon,CMO,Robin.io,https://www.youtube.com/watch?v=s7VaHEspI7E
219,Joyce Kim,CMO,Arm,https://www.youtube.com/watch?v=RDozwF6Ddn8
220,Tim Minahan,EVP of Business Strategy and CMO,Citrix,https://www.youtube.com/watch?v=GgG3bzKPYNw
221,Joel Horwitz,CMO,WANdisco,https://www.youtube.com/watch?v=fq5Y4zkaXHU
222,Steve Pappas,SVP and CMO,Panviva,https://www.youtube.com/watch?v=2JOc1cSQXrQ
223,Dayna Rothman,VP of Marketing,Mesosphere,https://www.youtube.com/watch?v=vkbsWzV16kE
224,Carter Lloyds,(Title not specified),QAD,https://www.youtube.com/watch?v=RO9XVVQge_A
225,Tom Murphy,Chief Marketing Officer,Turbonomic,https://www.youtube.com/watch?v=DCE9aR2kga0
226,Simon Townsend,Chief Marketing Officer EMEA,IGEL,https://www.youtube.com/watch?v=zhIAUxybAcE
227,Jean English,Senior Vice President and Chief Marketing Officer,NetApp,https://www.youtube.com/watch?v=ualozF4rCog
228,Brian Goldfarb,CMO,Splunk,https://www.youtube.com/watch?v=xVrJe4ncRQw
229,Karen Leavitt,Chief Marketing Officer,Locus Robotics,https://www.youtube.com/watch?v=wra9Gi5iXd0
230,Meagen Eisenberg,CMO,MongoDB,https://www.youtube.com/watch?v=kiz_gFEP_7k
231,Gil Levonai,Chief Marketing Officer,Zerto,https://www.youtube.com/watch?v=73jd9HMQUwg
232,Boris Renski,Co Founder and CMO,Mirantis,https://www.youtube.com/watch?v=EcxoQizrOPw
233,Kate Hutchison,Chief Marketing Officer,Veeam,https://www.youtube.com/watch?v=XBU2erWRwls
234,Robin Matlock,—,VMware,https://www.youtube.com/watch?v=af-72a18bqs
235,Boris Renski,—,Mirantis,https://www.youtube.com/watch?v=fY8MTjMYOzU
236,Jonathan Donaldson,—,Intel,https://www.youtube.com/watch?v=fY8MTjMYOzU
237,Elizabeth Kays,—,—,https://www.youtube.com/watch?v=Ngk_hpiySNk
238,Elizabeth Kays,—,—,https://www.youtube.com/watch?v=6tqv9h3dNMs
239,Elizabeth Kays,—,—,https://www.youtube.com/watch?v=vWVklGMGpmo
240,Heather Johnson,—,—,https://www.youtube.com/watch?v=wjE1p2TmDA4
241,Marge Breya,—,Informatica,https://www.youtube.com/watch?v=jraIYgLFLeE
242,Nelson Williams,—,—,https://www.youtube.com/watch?v=enk7DbBXWHY
243,Nancy Pearson,CMO,IBM Cloud,https://www.youtube.com/watch?v=ndDYjJCfUBc
244,John Bara,CMO & President,Mintigo,https://www.youtube.com/watch?v=bTSFqIFJqrs
245,Jack Norris,CMO,MapR,https://www.youtube.com/watch?v=RMGidzipxf8
246,Lynn Vojvodich,CMO,Salesforce,https://www.youtube.com/watch?v=uOscALSrGm0
247,Steve Sommer,—,Splunk,https://www.youtube.com/watch?v=rgMFeRDJkSs
248,Eric Herzog,—,Violin Memory,https://www.youtube.com/watch?v=2M-wlrMPfBs
249,Brian Weiss,—,HP Autonomy,https://www.youtube.com/watch?v=lrr5DVP6A54
250,Eric Herzog,CMO & SVP of Alliances,Violin Memory,https://www.youtube.com/watch?v=CMzv71swatY
251,Bobby Patrick,—,HP Cloud,https://www.youtube.com/watch?v=hJnMANl-Mkk
252,David Gibson,CMO,Varonis,https://www.youtube.com/watch?v=DZ9aWxLSm5w
253,Gary Orenstein,—,Fusion-io,https://www.youtube.com/watch?v=wW__lgrsdeQ
254,Boris Renski,—,Mirantis,https://www.youtube.com/watch?v=R7pEEA4xtbA
255,George Mathew,—,Alteryx,https://www.youtube.com/watch?v=usiZHdn7nGA
256,Abhishek Mehta,—,Tresata,https://www.youtube.com/watch?v=EdksfvSSyS4
257,Jack Norris,—,MapR,https://www.youtube.com/watch?v=v_dtAG3l0hw
258,Jim Campigli,—,WANdisco,https://www.youtube.com/watch?v=RbJ2ydFF5I0
259,Gary Orenstein,—,Fusion-io,https://www.youtube.com/watch?v=JUhnEz7SrGQ
260,Jim Walker,—,Hortonworks,https://www.youtube.com/watch?v=Ap-P5UHg3x4
261,Jack Norris,—,MapR,https://www.youtube.com/watch?v=JBnF9NYBn_A
262,Bruno Aziza,CMO,Alpine Data Labs,https://www.youtube.com/watch?v=QGK1smZGEkQ
263,Steve Sommer,CMO,Splunk,https://www.youtube.com/watch?v=cYCbdwppsng
264,Elissa Fink,CMO,Tableau,https://www.youtube.com/watch?v=qLxbhk3U_7w
265,Rick Jackson,CMO,Rackspace,https://www.youtube.com/watch?v=dQ25Nj6w8Bw
266,Beth Comstock,CMO,GE,https://www.youtube.com/watch?v=JCSQeVImbKQ
267,Rafiq Mohammadi,—,HP Autonomy,https://www.youtube.com/watch?v=eqWieO_EKnU
268,Nina Buik,—,Connect Worldwide,https://www.youtube.com/watch?v=78F6-dYY7FY
269,Beth White,CMO,ServiceNow,https://www.youtube.com/watch?v=359buNsYgO4
270,Shane Robison,—,Fusion-io,https://www.youtube.com/watch?v=E2XAVOmyWV8
271,Jeremy Burton,—,EMC,https://www.youtube.com/watch?v=N5S-jtzFQaw
272,Sanjay Sarathy,CMO,Sumo Logic,https://www.youtube.com/watch?v=xLzC7euPAyw
273,Jack Norris,CMO,MapR,https://www.youtube.com/watch?v=-60I4vLXKxg
274,Karen Quintos,—,Dell,https://www.youtube.com/watch?v=yuHJ0xj0_kM
275,Steve Sommer,CMO,Splunk,https://www.youtube.com/watch?v=fHU7sL6Ixxw
276,Rick Jackson,CMO,VMware,https://www.youtube.com/watch?v=T8fSG4oK48U
277,Jeremy Burton,CMO,EMC,https://www.youtube.com/watch?v=P77PqfzhiLM
278,Jeremy Burton,CMO,EMC,https://www.youtube.com/watch?v=yUYJYi33tUA
279,David Parsons,VP - Global Alliances & CMO,CSC,https://www.youtube.com/watch?v=Ct9AcyRMrOo
280,Jeremy Burton,CMO,EMC,https://www.youtube.com/watch?v=ksIoJAKiYGA
281,David Parsons,VP of Global Alliances & CMO,CSC,https://www.youtube.com/watch?v=TGhEPxJhFUU
282,Anubhav Saxena,CMO,HCL,https://www.youtube.com/watch?v=FNNStsNemyg
283,—,Chief Marketing Officer,VMware,https://www.youtube.com/watch?v=v8VDv43SzAk
284,Lauren Flaherty,EVP & CMO,Juniper Networks,https://www.youtube.com/watch?v=MzTdmXmGYVs
285,Jonathan Becher,—,SAP,https://www.youtube.com/watch?v=fkz_N1lnNuw
286,David Parsons,Corporate VP of Global Alliances & CMO,CSC,https://www.youtube.com/watch?v=epdon21Mv6c
287,Siki Giunta,VP of Cloud Division,CSC,https://www.youtube.com/watch?v=epdon21Mv6c
288,Rick Jackson,CMO,VMware,https://www.youtube.com/watch?v=OfK9dbZm6Uc
289,Dan Roger,Chief Marketing Officer,ServiceNow,https://www.youtube.com/watch?v=owPlKiH_qgk
290,Allison Dew,–,–,https://www.youtube.com/watch?v=HATTu3ygMEA
291,Kash Shaikh,–,–,https://www.youtube.com/watch?v=bs7lwnb2Mhw
292,Ben Gibson,CMO,Nutanix,https://www.youtube.com/watch?v=VGbo_2I08Ko
293,Brian Sommer,Industry Analyst,TechVentive,https://www.youtube.com/watch?v=nKOhl6Ejejk
294,Mark Boulton,CMO,IFS,https://www.youtube.com/watch?v=nKOhl6Ejejk
295,Antony Bourne,VP Global Industry Solutions,IFS,https://www.youtube.com/watch?v=nKOhl6Ejejk
296,Stefan Willkommer,CEO,TechDivision,https://www.youtube.com/watch?v=FerBo8ZdOsU
297,Dr. Markus Reheis,CMO,Gabor Shoes,https://www.youtube.com/watch?v=FerBo8ZdOsU
298,Ben Gibson,CMO,Nutanix,https://www.youtube.com/watch?v=BDv1Kgb2a4Y
299,Eric Herzog,CMO & VP of Global Channels,IBM Storage Systems,https://www.youtube.com/watch?v=VxHEPhLX-kE
300,Brian Reagan,Chief Marketing Officer,Actifio,https://www.youtube.com/watch?v=qM4-UKzu05A
301,Mike Errity,VP North America,IBM Resiliency Services,https://www.youtube.com/watch?v=qM4-UKzu05A
302,Lynn Lucas,CMO,Cohesity,https://www.youtube.com/watch?v=LOmyi_TsBPc
303,Blaine Mathieu,–,–,https://www.youtube.com/watch?v=7vytpIWgmQw
304,Daniel Raskin,–,–,https://www.youtube.com/watch?v=J9aqlUa3iHc
305,Eric Herzog,CMO & VP of Worldwide Storage Channels,IBM Storage Channels,https://www.youtube.com/watch?v=TrlGa3YEqDk
306,Eric Herzog,CMO & VP of Worldwide Storage Channels,IBM Storage Channels,https://www.youtube.com/watch?v=pW08KMhKfkw
307,Dan Rogers,CMO,ServiceNow,https://www.youtube.com/watch?v=L0y_LZ3TaAU
308,Eric Herzog,Chief Marketing Officer,IBM Storage Systems,https://www.youtube.com/watch?v=29hbo43dIE0
309,Robson Grieve,Chief Marketing Officer,New Relic Inc.,https://www.youtube.com/watch?v=A7s5rT6tQmY
310,Bobby Patrick,CMO,UiPath,https://www.youtube.com/watch?v=kxo-f-z9lzk
311,Nancy Pearson,CMO,OpenLink,https://www.youtube.com/watch?v=BC5m_miiVt8
312,Lawrence Schwartz,CMO,SoftwareONE,https://www.youtube.com/watch?v=akdbPtQiZrg
313,Simon West,CMO,Cyxtera,https://www.youtube.com/watch?v=gJmCYOQuroQ
314,Matt Morgan,CMO,Druva,https://www.youtube.com/watch?v=Wtc_A6NamgY
315,Jean English,–,NetApp,https://www.youtube.com/watch?v=ZJBI5mwd0TU
316,Jeff Veis,–,–,https://www.youtube.com/watch?v=jgPIjkNuFR0
317,Dr. Mark Ramsey,–,–,https://www.youtube.com/watch?v=FbtY0M6EPd4
318,Bruno Aziza,–,–,https://www.youtube.com/watch?v=FbtY0M6EPd4
319,Brian Goldfarb,CMO,Splunk,https://www.youtube.com/watch?v=TxQApC4GFmA
320,Lynn Lucas,–,Veritas,https://www.youtube.com/watch?v=vIX9bN_8yWA
321,Robin Matlock,–,VMware,https://www.youtube.com/watch?v=lX-hRHZDrpk
322,Eric Herzog,IBM Storage Systems,IBM,https://www.youtube.com/watch?v=0aS5ORGu0oE
323,Steven Kenniston,The Storage Alchemist,–,https://www.youtube.com/watch?v=0aS5ORGu0oE
324,Eric Herzog,IBM Storage Systems,IBM,https://www.youtube.com/watch?v=qGIROVt2HcE
325,Sam Werner,IBM Software Defined Storage,IBM,https://www.youtube.com/watch?v=qGIROVt2HcE
326,Josh Epstein,CMO,Kaminario,https://www.youtube.com/watch?v=tWNIGOII4AM
327,Eyal David,CTO,Kaminario,https://www.youtube.com/watch?v=tWNIGOII4AM
328,Randy Arseneau,INFINIDAT,INFINIDAT,https://www.youtube.com/watch?v=-33sItcspLo
329,Brian Carmody,INFINIDAT,INFINIDAT,https://www.youtube.com/watch?v=-33sItcspLo
330,Matthew Morgan,CMO,Druva,https://www.youtube.com/watch?v=cf1vPcFW5to
331,Jaspreet Singh,CEO,Druva,https://www.youtube.com/watch?v=cf1vPcFW5to
332,Jeremy Burton,–,Dell,https://www.youtube.com/watch?v=M6MA_znnIhk
333,Karen Steele,GVP Corporate Marketing,Marketo,https://www.youtube.com/watch?v=ZeJ8b3nORZU
334,David Gee,CMO,Zuora,https://www.youtube.com/watch?v=tx1L51WXrc0
335,Chip Coyle,–,–,https://www.youtube.com/watch?v=bSfOFtxbf_U
336,Itamar Ankorion,CMO,Attunity,https://www.youtube.com/watch?v=eUccjH2UYCU
337,Arvind Rajagopalan,Director - Global Technology Services,Verizon,https://www.youtube.com/watch?v=eUccjH2UYCU
338,David Hseih,CMO,Qubole,https://www.youtube.com/watch?v=R666aLzZWT4
339,Matt Howard,Executive VP & CMO,Sonatype,https://www.youtube.com/watch?v=R01xef1dYAg
340,Sally Jenkins,EVP & Chief Marketing Officer,Informatica,https://www.youtube.com/watch?v=RQgKzvyQGtQ
341,Jeremy Burton,CMO,Dell,https://www.youtube.com/watch?v=O7dYr7XP_dA
342,Dan Rogers,–,ServiceNow,https://www.youtube.com/watch?v=CJyyRUOw4NQ
343,Laura Ipsen,GM and SVP of Oracle Marketing Cloud,Oracle,https://www.youtube.com/watch?v=EsYl_Txwhac
344,Kristen O'Hara,Chief Marketing Officer for Global Media,Time Warner,https://www.youtube.com/watch?v=EsYl_Txwhac
345,Brian Goldfarb,CMO,Splunk,https://www.youtube.com/watch?v=iOAvU3tx8hE
346,Alan Nance,–,–,https://www.youtube.com/watch?v=RgAdt9bONSg
347,Martin Lidl,–,Deloitte,https://www.youtube.com/watch?v=kwGYo8anwjw
348,Chris Murphy,IT Solution Architect,–,https://www.youtube.com/watch?v=kwGYo8anwjw
349,Itamar Ankorion,CMO,Attunity,https://www.youtube.com/watch?v=kwGYo8anwjw
350,Ben Parr,Co-Founder & CMO,Octane AI,https://www.youtube.com/watch?v=riKER3eQixs
351,Manish Gupta,Chief Marketing Officer,Redis Labs,https://www.youtube.com/watch?v=gCaYy-kYSeA
352,David Gee,CMO,Zuora,https://www.youtube.com/watch?v=cuoWZKkBhX8
353,Bobby Patrick,CMO,HPE Cloud,https://www.youtube.com/watch?v=RULJUGmz44k
354,Randy Arseneau,CMO,INFINIDAT,https://www.youtube.com/watch?v=Eg3NCDVAITs
355,Michelle Peluso,–,IBM,https://www.youtube.com/watch?v=fTaageUbfYo
356,Stephen Kelly,–,Avanade,https://www.youtube.com/watch?v=4J8Fq1Fgs2E
357,Stella Goulet,–,Avanade,https://www.youtube.com/watch?v=4J8Fq1Fgs2E
358,Marie Hattar,CMO,Ixia,https://www.youtube.com/watch?v=22sAY8oHcBo
359,Michele Chambers,–,Continuum Analytics,https://www.youtube.com/watch?v=bHQSVwwF5AE
360,Jacqueline Woods,–,IBM,https://www.youtube.com/watch?v=-IMnWRfev5o
361,Steve Pao,CMO,Igneous Systems,https://www.youtube.com/watch?v=cVhBBBLGFb8
362,Subbu Iyer,–,Riverbed,https://www.youtube.com/watch?v=FkDGrm_FYAw
363,Lawrence Schwartz,–,SoftwareONE,https://www.youtube.com/watch?v=LNbsl17zF4s
364,Randy Arseneau,–,INFINIDAT,https://www.youtube.com/watch?v=AsPjie2-U4c
365,Steve Kenniston,–,INFINIDAT,https://www.youtube.com/watch?v=AsPjie2-U4c
366,Robin Matlock,–,VMware,https://www.youtube.com/watch?v=1HXZZTzYgiQ
367,Mike Davis,–,NooBaa,https://www.youtube.com/watch?v=jJr0PO1psys
368,Yuval Dimnik,–,NooBaa,https://www.youtube.com/watch?v=jJr0PO1psys
369,Randy Arsenau,CMO,INFINIDAT,https://www.youtube.com/watch?v=Xm4Y2hpkMv0
370,Steve Kenniston,VP of Product Marketing,INFINIDAT,https://www.youtube.com/watch?v=Xm4Y2hpkMv0
371,Howard Ting,–,Nutanix,https://www.youtube.com/watch?v=E00Ibfhwpz8
372,Ashely Stirrup,–,Talend,https://www.youtube.com/watch?v=fas0hxVXgYE
373,Bobby Patrick,–,HPE,https://www.youtube.com/watch?v=Yg3IoUAWM-E
374,Dave McCrory,–,Basho,https://www.youtube.com/watch?v=Yg3IoUAWM-E
375,Jim Davis,–,Informatica,https://www.youtube.com/watch?v=3FQYm1Gxlz4
376,Eric Reynolds,–,The Clorox Company,https://www.youtube.com/watch?v=TXhUmL0ZbrA
377,Steve Krause,–,Oracle Marketing Cloud,https://www.youtube.com/watch?v=9pmni-i1hOs
378,Lawrence Schwartz,–,Attunity,https://www.youtube.com/watch?v=H8WopsQYr68
379,Jim Davis,–,Informatica,https://www.youtube.com/watch?v=XjHLBySKpa8
380,West Durow,–,Mitel Networks,https://www.youtube.com/watch?v=aWAJlyRZi50
381,Sajeel Hussain,–,CafeX,https://www.youtube.com/watch?v=Za8HE1zkAt4
382,Jack Norris,–,MapR,https://www.youtube.com/watch?v=3YMDkh9M0WQ
383,Bobby Patrick,–,HPE,https://www.youtube.com/watch?v=5DEgnXNq4d4
384,Elle Shelley,–,Local Motors,https://www.youtube.com/watch?v=Sj8bH4fNvg0
385,Jay Rodgers,–,Local Motors,https://www.youtube.com/watch?v=Sj8bH4fNvg0
386,Karen Quintos,–,Dell,https://www.youtube.com/watch?v=yymHd4zh1PE
387,Mick Slattery,–,Avanade,https://www.youtube.com/watch?v=g0EaqRuPojU
388,Stella Goulet,–,Avanade,https://www.youtube.com/watch?v=g0EaqRuPojU
389,Quentin Gallivan,–,Pentaho,https://www.youtube.com/watch?v=IU7XPGNsDoA
390,Rosanne Saccone,–,Pentaho,https://www.youtube.com/watch?v=pEPMelVpL6M
391,Bruno Aziza,–,AtScale,https://www.youtube.com/watch?v=dIU-wX0ZJ-k
392,Lawrence Schwartz,–,Attunity,https://www.youtube.com/watch?v=pFvTtJ_nSlI
393,Steve Sommer,–,Splunk,https://www.youtube.com/watch?v=snKJwq5nSQI
394,Narayan Venkat,–,Tegile,https://www.youtube.com/watch?v=BJCyuqWU5W0
